Metode,Num_Rec,User_50,User_10,User_25,Average
CBF,6,1.0000000000000002,1.0,0.8986110472636715,0.9662036824212238
CBF,8,1.0000000000000002,1.0,0.8986110472636715,0.9662036824212238
CBF,10,1.0000000000000002,0.9523787242254199,0.8885725558273775,0.9469837600175991
Hybrid,6,0.6319567238449756,0.6319567238449755,0.5812622474768112,0.6150585650555874
Hybrid,8,0.5830358053864154,0.5830358053864153,0.532341329018251,0.5661376465970273
Hybrid,10,0.5846470277283655,0.5608363898410753,0.5289333056420542,0.558138907737165
