Metode,Num_Rec,User_5,User_17,User_25,Average
CBF,6,1.0000000000000002,0.8776643872851508,0.9106836025229592,0.9294493299360367
CBF,8,1.0000000000000002,0.7943310539518175,0.9106836025229592,0.901671552158259
CBF,10,1.0000000000000002,0.7324064528435827,0.8511308339366304,0.8611790955934046
Hybrid,6,0.6428489606727893,0.3707053873290937,0.2837102779788767,0.43242154199358657
Hybrid,8,0.6179202230757379,0.3948551347909624,0.30397529783451077,0.438916885233737
Hybrid,10,0.6286081067949812,0.33522604956683494,0.2844465930531566,0.4160935831383243
